antecedents,consequents,antecedent support,consequent support,support,confidence,lift,representativity,leverage,conviction,zhangs_metric,jaccard,certainty,kulczynski,antecedents_str,consequents_str
frozenset({'ROSES REGENCY TEACUP AND SAUCER'}),frozenset({'GREEN REGENCY TEACUP AND SAUCER'}),0.04396499084062691,0.03907999185833503,0.03175249338489721,0.7222222222222222,18.480613425925927,1.0,0.030034341900793737,3.4593120293099937,0.989387661518809,0.6190476190476191,0.7109251806349879,0.7673611111111112,ROSES REGENCY TEACUP AND SAUCE..,GREEN REGENCY TEACUP AND SAUCE..
frozenset({'GREEN REGENCY TEACUP AND SAUCER'}),frozenset({'ROSES REGENCY TEACUP AND SAUCER'}),0.03907999185833503,0.04396499084062691,0.03175249338489721,0.8125,18.480613425925924,1.0,0.030034341900793737,5.098853382183323,0.9843579424176755,0.6190476190476191,0.8038774749840324,0.7673611111111112,GREEN REGENCY TEACUP AND SAUCE..,ROSES REGENCY TEACUP AND SAUCE..
